experiment_name,instruction_item_id,instruction_item,model_id,profile_id,random_seed,time,answer,cleaned_answer,validation_status,valid,decision
Big Five Inventory example,0,I see myself as someone who is talkative.,scripted,Optimistic Persona,7,0.005,"{answer: ""4. Agree a little""}",4. Agree a little,"{'text': '4. Agree a little', 'validation_status': 'valid', 'details': {'apologies': False, 'being_ai': False, 'refusal': False}}",True,4. Agree a little
Big Five Inventory example,0,I see myself as someone who is talkative.,scripted,Conservative Persona,7,0.0,3,3,"{'text': '3', 'validation_status': 'valid', 'details': {'apologies': False, 'being_ai': False, 'refusal': False}}",True,3. Neither agree nor disagree
Big Five Inventory example,1,I see myself as someone who tends to find fault with others.,scripted,Optimistic Persona,7,0.0,"I would say ""2. Disagree a little"".","I would say ""2. Disagree a little"".","{'text': 'I would say ""2. Disagree a little"".', 'validation_status': 'valid', 'details': {'apologies': False, 'being_ai': False, 'refusal': False}}",True,2. Disagree a little
Big Five Inventory example,1,I see myself as someone who tends to find fault with others.,scripted,Conservative Persona,7,0.0,"As an AI, I do not have personal opinions on this.","As an AI, I do not have personal opinions on this.","{'text': 'As an AI, I do not have personal opinions on this.', 'validation_status': 'invalid', 'details': {'apologies': False, 'being_ai': True, 'refusal': True}}",False,not present
Big Five Inventory example,2,I see myself as someone who does a thorough job.,scripted,Optimistic Persona,7,0.0,"5. Agree strongly

I always make sure to do a thorough job. 😊","5. Agree strongly

I always make sure to do a thorough job. 😊","{'text': '5. Agree strongly\n\nI always make sure to do a thorough job. 😊', 'validation_status': 'valid', 'details': {'apologies': False, 'being_ai': False, 'refusal': False}}",True,5. Agree strongly
Big Five Inventory example,2,I see myself as someone who does a thorough job.,scripted,Conservative Persona,7,0.0,It depends on the situation.,It depends on the situation.,"{'text': 'It depends on the situation.', 'validation_status': 'valid', 'details': {'apologies': False, 'being_ai': False, 'refusal': False}}",True,not present
Big Five Inventory example,3,"I see myself as someone who is depressed, blue.",scripted,Optimistic Persona,7,0.0,Disagree strongly.,Disagree strongly.,"{'text': 'Disagree strongly.', 'validation_status': 'valid', 'details': {'apologies': False, 'being_ai': False, 'refusal': False}}",True,1. Disagree strongly
Big Five Inventory example,3,"I see myself as someone who is depressed, blue.",scripted,Conservative Persona,7,0.0,Somewhere between 2 and 3.,Somewhere between 2 and 3.,"{'text': 'Somewhere between 2 and 3.', 'validation_status': 'valid', 'details': {'apologies': False, 'being_ai': False, 'refusal': False}}",True,inconclusive
Big Five Inventory example,4,"I see myself as someone who is original, comes up with new ideas.",scripted,Optimistic Persona,7,0.0,"{answer: ""4. Agree a little""}",4. Agree a little,"{'text': '4. Agree a little', 'validation_status': 'valid', 'details': {'apologies': False, 'being_ai': False, 'refusal': False}}",True,4. Agree a little
Big Five Inventory example,4,"I see myself as someone who is original, comes up with new ideas.",scripted,Conservative Persona,7,0.0,3,3,"{'text': '3', 'validation_status': 'valid', 'details': {'apologies': False, 'being_ai': False, 'refusal': False}}",True,3. Neither agree nor disagree
