experiment_name,instruction_item_id,instruction_item,model_id,profile_id,random_seed,time,answer
Big Five Inventory example,0,I see myself as someone who is talkative.,scripted,Optimistic Persona,7,0.005,"{answer: ""4. Agree a little""}"
Big Five Inventory example,0,I see myself as someone who is talkative.,scripted,Conservative Persona,7,0.0,3
Big Five Inventory example,1,I see myself as someone who tends to find fault with others.,scripted,Optimistic Persona,7,0.0,"I would say ""2. Disagree a little""."
Big Five Inventory example,1,I see myself as someone who tends to find fault with others.,scripted,Conservative Persona,7,0.0,"As an AI, I do not have personal opinions on this."
Big Five Inventory example,2,I see myself as someone who does a thorough job.,scripted,Optimistic Persona,7,0.0,"5. Agree strongly

I always make sure to do a thorough job. 😊"
Big Five Inventory example,2,I see myself as someone who does a thorough job.,scripted,Conservative Persona,7,0.0,It depends on the situation.
Big Five Inventory example,3,"I see myself as someone who is depressed, blue.",scripted,Optimistic Persona,7,0.0,Disagree strongly.
Big Five Inventory example,3,"I see myself as someone who is depressed, blue.",scripted,Conservative Persona,7,0.0,Somewhere between 2 and 3.
Big Five Inventory example,4,"I see myself as someone who is original, comes up with new ideas.",scripted,Optimistic Persona,7,0.0,"{answer: ""4. Agree a little""}"
Big Five Inventory example,4,"I see myself as someone who is original, comes up with new ideas.",scripted,Conservative Persona,7,0.0,3
